Name,Country,Position,ShirtNumber,Attack,Goals,Confederation,,,,,,,,,,
Edouard Mendy,Senegal,GK,#1,0,0,CAF,,,,,,,,,,
Youssouf Sabaly,Senegal,DEF,#2,1,0,CAF,,,,,,,,,,
Moussa Wague,Senegal,DEF,#3,2,0,CAF,,,,,,,,,,
Salif Sane,Senegal,DEF,#4,3,0,CAF,,,,,,,,,,
Kalidou Koulibaly,Senegal,DEF,#5,4,0,CAF,,,,,,,,,,
Cheikou Kouyate,Senegal,MID,#6,5,0,CAF,,,,,,,,,,
Badou Ndaiye,Senegal,MID,#7,6,0,CAF,,,,,,,,,,
Idrissa Gueye,Senegal,MID,#8,7,0,CAF,,,,,,,,,,
Ismalia Sarr,Senegal,MID,#9,8,0,CAF,,,,,,,,,,
Opa Nguette,Senegal,ATK,#10,9,0,CAF,,,,,,,,,,
Sadio Mane,Senegal,ATK,#11,10,0,CAF,,,,,,,,,,
Farouk Ben Mustapha,Tunisia,GK,#1,0,0,CAF,,,,,,,,,,
Ali Maaloul,Tunisia,DEF,#2,1,0,CAF,,,,,,,,,,
Dylan Bronn,Tunisia,DEF,#3,2,0,CAF,,,,,,,,,,
Yassine Meriah,Tunisia,DEF,#4,3,0,CAF,,,,,,,,,,
Mohammed Drager,Tunisia,DEF,#5,4,0,CAF,,,,,,,,,,
Ferjani Sassi,Tunisia,MID,#6,5,0,CAF,,,,,,,,,,
Mohamed Amine Ben Amor,Tunisia,MID,#7,6,0,CAF,,,,,,,,,,
Saad Bguir,Tunisia,MID,#8,7,0,CAF,,,,,,,,,,
Naim Sliti,Tunisia,MID,#9,8,0,CAF,,,,,,,,,,
Youssef Msakni,Tunisia,ATK,#10,9,0,CAF,,,,,,,,,,
Wabhi Khazri,Tunisia,ATK,#11,10,0,CAF,,,,,,,,,,
Rais M'Bolhi,Algeria,GK,#1,0,0,CAF,,,,,,,,,,
Mehdi Tahrat,Algeria,DEF,#2,1,0,CAF,,,,,,,,,,
Aissa Mandi,Algeria,DEF,#3,2,0,CAF,,,,,,,,,,
Ramy Bensebaini,Algeria,DEF,#4,3,0,CAF,,,,,,,,,,
Djamel Benlamri,Algeria,DEF,#5,4,0,CAF,,,,,,,,,,
Adlene Guedioura,Algeria,MID,#6,5,0,CAF,,,,,,,,,,
Yacine Brahimi,Algeria,MID,#7,6,0,CAF,,,,,,,,,,
Sofiane Feghouli,Algeria,MID,#8,7,0,CAF,,,,,,,,,,
Said Benrahma,Algeria,MID,#9,8,0,CAF,,,,,,,,,,
Riyad Mahrez,Algeria,ATK,#10,9,0,CAF,,,,,,,,,,
Baghdad Bounedjah,Algeria,ATK,#11,10,0,CAF,,,,,,,,,,
Munir Mohamedi,Morocco,GK,#1,0,0,CAF,,,,,,,,,,
Hamza Mendyl,Morocco,DEF,#2,1,0,CAF,,,,,,,,,,
Romain Saiss,Morocco,DEF,#3,2,0,CAF,,,,,,,,,,
Noussair Mazrouri,Morocco,DEF,#4,3,0,CAF,,,,,,,,,,
Achraf Hakimi,Morocco,DEF,#5,4,0,CAF,,,,,,,,,,
Omar El Kaddouri ,Morocco,MID,#6,5,0,CAF,,,,,,,,,,
Faycal Fajr,Morocco,MID,#7,6,0,CAF,,,,,,,,,,
Adil Taarabt,Morocco,MID,#8,7,0,CAF,,,,,,,,,,
Hakim Ziyech,Morocco,MID,#9,8,0,CAF,,,,,,,,,,
Youssef En-Nesyri,Morocco,ATK,#10,9,0,CAF,,,,,,,,,,
Youssef El-Arabi,Morocco,ATK,#11,10,0,CAF,,,,,,,,,,
Daniel Akpeyi,Nigeria,GK,#1,0,0,CAF,,,,,,,,,,
Leon Balogun,Nigeria,DEF,#2,1,0,CAF,,,,,,,,,,
Ola Aina,Nigeria,DEF,#3,2,0,CAF,,,,,,,,,,
Kenneth Omeru,Nigeria,DEF,#4,3,0,CAF,,,,,,,,,,
William Troost-Ekong,Nigeria,DEF,#5,4,0,CAF,,,,,,,,,,
Peter Etebo,Nigeria,MID,#6,5,0,CAF,,,,,,,,,,
Alex Iwobi,Nigeria,MID,#7,6,0,CAF,,,,,,,,,,
Samuel Chukwueze,Nigeria,ATK,#8,7,0,CAF,,,,,,,,,,
Victor Osimhen,Nigeria,ATK,#9,8,0,CAF,,,,,,,,,,
Kelechi Iheanacho,Nigeria,ATK,#10,9,0,CAF,,,,,,,,,,
Ahmed Musa,Nigeria,ATK,#11,10,0,CAF,,,,,,,,,,
Mohamed El Shenawy,Egypt,GK,#1,0,0,CAF,,,,,,,,,,
Mohamed Hany,Egypt,DEF,#2,1,0,CAF,,,,,,,,,,
Ali Gabr,Egypt,DEF,#3,2,0,CAF,,,,,,,,,,
Ayman Ashraf,Egypt,DEF,#4,3,0,CAF,,,,,,,,,,
Ahmed Hegazi,Egypt,DEF,#5,4,0,CAF,,,,,,,,,,
Tarek Hamed,Egypt,MID,#6,5,0,CAF,,,,,,,,,,
Mohamed Elneny,Egypt,MID,#7,6,0,CAF,,,,,,,,,,
Abdallah El Said,Egypt,MID,#8,7,0,CAF,,,,,,,,,,
Trezeguet,Egypt,ATK,#9,8,0,CAF,,,,,,,,,,
Kouka,Egypt,ATK,#10,9,0,CAF,,,,,,,,,,
Mohamed Salah,Egypt,ATK,#11,25,0,CAF,,,,,,,,,,
Andre Onana,Cameroon,GK,#1,0,0,CAF,,,,,,,,,,
Ambroise Oyongo,Cameroon,DEF,#2,1,0,CAF,,,,,,,,,,
Collins Fai,Cameroon,DEF,#3,2,0,CAF,,,,,,,,,,
Nicolas Nkoulou,Cameroon,DEF,#4,3,0,CAF,,,,,,,,,,
Michael Ngadeu-Ngadjui,Cameroon,DEF,#5,4,0,CAF,,,,,,,,,,
Arnaud Djoum ,Cameroon,MID,#6,5,0,CAF,,,,,,,,,,
Christian Bassogog,Cameroon,MID,#7,6,0,CAF,,,,,,,,,,
Andre-Frank Zambo Anguissa,Cameroon,MID,#8,7,0,CAF,,,,,,,,,,
Clinton N'Jie,Cameroon,ATK,#9,8,0,CAF,,,,,,,,,,
Eric Maxim Choupo-Moting,Cameroon,ATK,#10,9,0,CAF,,,,,,,,,,
Vincent Aboubakar,Cameroon,ATK,#11,10,0,CAF,,,,,,,,,,
Richard Ofori,Ghana,GK,#1,0,0,CAF,,,,,,,,,,
Nicholas Opoku,Ghana,DEF,#2,1,0,CAF,,,,,,,,,,
Baba Rahman,Ghana,DEF,#3,2,0,CAF,,,,,,,,,,
John Boye,Ghana,DEF,#4,3,0,CAF,,,,,,,,,,
Mohamed Salisu,Ghana,DEF,#5,4,0,CAF,,,,,,,,,,
Thomas Partey,Ghana,MID,#6,5,0,CAF,,,,,,,,,,
Bernard Mensah,Ghana,MID,#7,6,0,CAF,,,,,,,,,,
Mubarak Wakaso,Ghana,MID,#8,7,0,CAF,,,,,,,,,,
Andre Ayew,Ghana,MID,#9,8,0,CAF,,,,,,,,,,
Mohamed Kudus,Ghana,ATK,#10,9,0,CAF,,,,,,,,,,
Jordan Ayew,Ghana,ATK,#11,10,0,CAF,,,,,,,,,,
Djigui Diarra,Mali,GK,#1,0,0,CAF,,,,,,,,,,
Mamadou Fofana,Mali,DEF,#2,1,0,CAF,,,,,,,,,,
Falaye Sacko,Mali,DEF,#3,2,0,CAF,,,,,,,,,,
Hamari Traore,Mali,DEF,#4,3,0,CAF,,,,,,,,,,
Molla Wague,Mali,DEF,#5,4,0,CAF,,,,,,,,,,
Yves Bissouma,Mali,MID,#6,5,0,CAF,,,,,,,,,,
Lassana Coulibaly,Mali,MID,#7,6,0,CAF,,,,,,,,,,
Adama Traore,Mali,MID,#8,7,0,CAF,,,,,,,,,,
Moussa Djenepo,Mali,MID,#9,8,0,CAF,,,,,,,,,,
Kalifa Coulibaly,Mali,ATK,#10,9,0,CAF,,,,,,,,,,
Sekou Coita,Mali,ATK,#11,10,0,CAF,,,,,,,,,,
Aboubacar Sawadogo,Burkina Faso,GK,#1,0,0,CAF,,,,,,,,,,
Steeve Yago,Burkina Faso,DEF,#2,1,0,CAF,,,,,,,,,,
Yacouba Coulibaly,Burkina Faso,DEF,#3,2,0,CAF,,,,,,,,,,
Edmond Tapsoba,Burkina Faso,DEF,#4,3,0,CAF,,,,,,,,,,
Issoufou Dayo,Burkina Faso,DEF,#5,4,0,CAF,,,,,,,,,,
Charles Kabore,Burkina Faso,MID,#6,5,0,CAF,,,,,,,,,,
Cyrille Bayala,Burkina Faso,MID,#7,6,0,CAF,,,,,,,,,,
Bryan Dabo,Burkina Faso,MID,#8,7,0,CAF,,,,,,,,,,
Alain Traore,Burkina Faso,ATK,#9,8,0,CAF,,,,,,,,,,
Bertrand Traore,Burkina Faso,ATK,#10,9,0,CAF,,,,,,,,,,
Lassina Traore,Burkina Faso,ATK,#11,10,0,CAF,,,,,,,,,,
Joel Kiassumbua,Congo DR,GK,#1,0,0,CAF,,,,,,,,,,
Issama Mpeko,Congo DR,DEF,#2,1,0,CAF,,,,,,,,,,
Marcel Tisserand,Congo DR,DEF,#3,2,0,CAF,,,,,,,,,,
Ngonda Muzinga,Congo DR,DEF,#4,3,0,CAF,,,,,,,,,,
Merveille Bokadi,Congo DR,DEF,#5,4,0,CAF,,,,,,,,,,
Chancel Mbemba,Congo DR,MID,#6,5,0,CAF,,,,,,,,,,
Yannick Bangala Litombo,Congo DR,MID,#7,6,0,CAF,,,,,,,,,,
Paul-Jose M'Poku,Congo DR,MID,#8,7,0,CAF,,,,,,,,,,
Neeskens Kabano,Congo DR,MID,#9,8,0,CAF,,,,,,,,,,
Yannick Bolasie,Congo DR,ATK,#10,9,0,CAF,,,,,,,,,,
Cedric Bakumbu,Congo DR,ATK,#11,10,0,CAF,,,,,,,,,,
Sylvain Gbohouo,Ivory Coast,GK,#1,0,0,CAF,,,,,,,,,,
Serge Aurier,Ivory Coast,DEF,#2,1,0,CAF,,,,,,,,,,
Wilfried Kanon,Ivory Coast,DEF,#3,2,0,CAF,,,,,,,,,,
Eric Bailly,Ivory Coast,DEF,#4,3,0,CAF,,,,,,,,,,
Kalpi Ouattara,Ivory Coast,DEF,#5,4,0,CAF,,,,,,,,,,
Serey Die,Ivory Coast,MID,#6,5,0,CAF,,,,,,,,,,
Franck Kessie,Ivory Coast,MID,#7,6,0,CAF,,,,,,,,,,
Jean-Daniel Akpa Akpro ,Ivory Coast,MID,#8,7,0,CAF,,,,,,,,,,
Sebestian Haller,Ivory Coast,ATK,#9,10,0,CAF,,,,,,,,,,
Gervinho,Ivory Coast,ATK,#10,9,0,CAF,,,,,,,,,,
Wilfried Zaha,Ivory Coast,ATK,#11,8,0,CAF,,,,,,,,,,
Darren Keet,South Africa,GK,#1,0,0,CAF,,,,,,,,,,
Sifiso Hlanti,South Africa,DEF,#2,1,0,CAF,,,,,,,,,,
Thulani Hlatshwayo,South Africa,DEF,#3,2,0,CAF,,,,,,,,,,
Thlapelo Moreno,South Africa,DEF,#4,3,0,CAF,,,,,,,,,,
Mosa Lebesu,South Africa,DEF,#5,4,0,CAF,,,,,,,,,,
Teboho Mokoena,South Africa,MID,#6,5,0,CAF,,,,,,,,,,
Keagen Dolly,South Africa,MID,#7,6,0,CAF,,,,,,,,,,
Bongani Zungu,South Africa,MID,#8,7,0,CAF,,,,,,,,,,
Percy Tau,South Africa,MID,#9,8,0,CAF,,,,,,,,,,
Kermit Erasmus,South Africa,ATK,#10,9,0,CAF,,,,,,,,,,
Luther Singh,South Africa,ATK,#11,10,0,CAF,,,,,,,,,,
Aly Keita,Guinea,GK,#1,0,0,CAF,,,,,,,,,,
Saidou Sow,Guinea,DEF,#2,1,0,CAF,,,,,,,,,,
Issiaga Sylla,Guinea,DEF,#3,2,0,CAF,,,,,,,,,,
Simon Falette,Guinea,DEF,#4,3,0,CAF,,,,,,,,,,
Florentin Pogba,Guinea,DEF,#5,4,0,CAF,,,,,,,,,,
Ibrahima Sory Conte,Guinea,MID,#6,5,0,CAF,,,,,,,,,,
Morlaye Sylla,Guinea,MID,#7,6,0,CAF,,,,,,,,,,
Naby Keita,Guinea,MID,#8,7,0,CAF,,,,,,,,,,
Demba Camara,Guinea,MID,#9,8,0,CAF,,,,,,,,,,
Francois Kamara,Guinea,ATK,#10,9,0,CAF,,,,,,,,,,
Daouda Camara,Guinea,ATK,#11,10,0,CAF,,,,,,,,,,
Denis Onyango,Uganda,GK,#1,0,0,CAF,,,,,,,,,,
Bevis Mugabi,Uganda,DEF,#2,1,0,CAF,,,,,,,,,,
Timothy Awany,Uganda,DEF,#3,2,0,CAF,,,,,,,,,,
Joseph Ochaya,Uganda,DEF,#4,3,0,CAF,,,,,,,,,,
Nichola Wadada,Uganda,DEF,#5,4,0,CAF,,,,,,,,,,
Khalid Aucho,Uganda,MID,#6,5,0,CAF,,,,,,,,,,
Moses Waiswa,Uganda,MID,#7,6,0,CAF,,,,,,,,,,
Taddeo Lwanga,Uganda,MID,#8,7,0,CAF,,,,,,,,,,
Farouk Miya,Uganda,MID,#9,8,0,CAF,,,,,,,,,,
Fahad Bayo,Uganda,ATK,#10,9,0,CAF,,,,,,,,,,
Emmenuel Okwi,Uganda,ATK,#11,10,0,CAF,,,,,,,,,,
Vozinha,Cabo Verde,GK,#1,0,0,CAF,,,,,,,,,,
Stopira,Cabo Verde,DEF,#2,1,0,CAF,,,,,,,,,,
Steven Fortes,Cabo Verde,DEF,#3,2,0,CAF,,,,,,,,,,
Ponck,Cabo Verde,DEF,#4,3,0,CAF,,,,,,,,,,
Jeffry Fortes,Cabo Verde,DEF,#5,4,0,CAF,,,,,,,,,,
Marco Soares,Cabo Verde,MID,#6,5,0,CAF,,,,,,,,,,
Bruno Leite,Cabo Verde,MID,#7,6,0,CAF,,,,,,,,,,
Helder Tavares,Cabo Verde,MID,#8,7,0,CAF,,,,,,,,,,
Jamiro,Cabo Verde,MID,#10,9,0,CAF,,,,,,,,,,
Gilson Taveres,Cabo Verde,ATK,#9,8,0,CAF,,,,,,,,,,
Ryan Mendes,Cabo Verde,ATK,#11,10,0,CAF,,,,,,,,,,
Fabian Farnolle,Benin,GK,#1,0,0,CAF,,,,,,,,,,
David Kiki,Benin,DEF,#2,1,0,CAF,,,,,,,,,,
Olivier Verdon,Benin,DEF,#3,2,0,CAF,,,,,,,,,,
Emmenuel Imorou,Benin,DEF,#4,3,0,CAF,,,,,,,,,,
Nabil Yarou,Benin,DEF,#5,4,0,CAF,,,,,,,,,,
Jordan Adeoti,Benin,MID,#6,5,0,CAF,,,,,,,,,,
Seibou Mama,Benin,MID,#7,6,0,CAF,,,,,,,,,,
Sessi D'Almeida,Benin,MID,#8,7,0,CAF,,,,,,,,,,
Stephane Sessegnon,Benin,MID,#9,8,0,CAF,,,,,,,,,,
Steve Mounie,Benin,ATK,#10,9,0,CAF,,,,,,,,,,
Mickael Pote,Benin,ATK,#11,10,0,CAF,,,,,,,,,,
Mfa Mezui,Gabon,GK,#1,0,0,CAF,,,,,,,,,,
Ecuele Manga,Gabon,DEF,#2,1,0,CAF,,,,,,,,,,
Lloyd Palun,Gabon,DEF,#3,2,0,CAF,,,,,,,,,,
Johann Obiang,Gabon,DEF,#4,3,0,CAF,,,,,,,,,,
Yoann Wachter,Gabon,DEF,#5,4,0,CAF,,,,,,,,,,
Andre Biyogo Poko,Gabon,MID,#6,5,0,CAF,,,,,,,,,,
Levy Madinda,Gabon,MID,#7,6,0,CAF,,,,,,,,,,
Guelor Kaku,Gabon,MID,#8,7,0,CAF,,,,,,,,,,
Didier Ndong,Gabon,MID,#9,8,0,CAF,,,,,,,,,,
Denis Bouanga,Gabon,ATK,#10,9,0,CAF,,,,,,,,,,
Pierre-Emerick Aubameyang,Gabon,ATK,#11,25,0,CAF,,,,,,,,,,
Sebastian Mwange,Zambia,GK,#1,0,0,CAF,,,,,,,,,,
Kaboso Chongo,Zambia,DEF,#2,1,0,CAF,,,,,,,,,,
Tandi Mwape,Zambia,DEF,#3,2,0,CAF,,,,,,,,,,
Luka Banda,Zambia,DEF,#4,3,0,CAF,,,,,,,,,,
Zakaria Chilongoshi,Zambia,DEF,#5,4,0,CAF,,,,,,,,,,
Lubambo Musonda,Zambia,MID,#6,5,0,CAF,,,,,,,,,,
Enock Mwepu,Zambia,MID,#7,6,0,CAF,,,,,,,,,,
Kings Kangwa,Zambia,MID,#8,7,0,CAF,,,,,,,,,,
Benson Sakala,Zambia,MID,#9,8,0,CAF,,,,,,,,,,
Fashion Sakala,Zambia,ATK,#10,9,0,CAF,,,,,,,,,,
Justin Shonga,Zambia,ATK,#11,10,0,CAF,,,,,,,,,,
Christoffer Mafoumbi,Congo,GK,#1,0,0,CAF,,,,,,,,,,
Dimitri Bissiki,Congo,DEF,#2,1,0,CAF,,,,,,,,,,
Carof Bakou,Congo,DEF,#3,2,0,CAF,,,,,,,,,,
Fernard Mayembo,Congo,DEF,#4,3,0,CAF,,,,,,,,,,
Beranger Itoua,Congo,DEF,#5,4,0,CAF,,,,,,,,,,
Amour Loussoukou,Congo,MID,#6,5,0,CAF,,,,,,,,,,
Durel Avounou,Congo,MID,#7,6,0,CAF,,,,,,,,,,
Gaius Makouta,Congo,MID,#8,7,0,CAF,,,,,,,,,,
Harvy Ossete,Congo,MID,#9,8,0,CAF,,,,,,,,,,
Prince Ibara,Congo,ATK,#10,9,0,CAF,,,,,,,,,,
Thievy Bifouma,Congo,ATK,#11,10,0,CAF,,,,,,,,,,
Melvin Adrien,Madagascar,GK,#1,0,0,CAF,,,,,,,,,,
Pascal Razakanantenaina,Madagascar,DEF,#2,1,0,CAF,,,,,,,,,,
Thomas Fontaine,Madagascar,DEF,#3,2,0,CAF,,,,,,,,,,
Jérôme Mombris,Madagascar,DEF,#4,3,0,CAF,,,,,,,,,,
Romain Métanire,Madagascar,DEF,#5,4,0,CAF,,,,,,,,,,
Ibrahim Amada,Madagascar,MID,#6,5,0,CAF,,,,,,,,,,
Arohasina Andrianarimanana,Madagascar,MID,#7,6,0,CAF,,,,,,,,,,
Zotsara Randriambololona,Madagascar,MID,#8,7,0,CAF,,,,,,,,,,
Anicet Abel,Madagascar,MID,#9,8,0,CAF,,,,,,,,,,
Lalaïna Nomenjanahary,Madagascar,ATK,#10,9,0,CAF,,,,,,,,,,
Paulin Voavy,Madagascar,ATK,#11,10,0,CAF,,,,,,,,,,
Namori Diaw,Mauritania,GK,#1,0,0,CAF,,,,,,,,,,
Abdoul Ba,Mauritania,DEF,#2,1,0,CAF,,,,,,,,,,
Moustapha Diow,Mauritania,DEF,#3,2,0,CAF,,,,,,,,,,
Bakary N'Daiye,Mauritania,DEF,#4,3,0,CAF,,,,,,,,,,
Diade Diarra,Mauritania,DEF,#5,4,0,CAF,,,,,,,,,,
Hacen El Ide,Mauritania,MID,#6,5,0,CAF,,,,,,,,,,
Mohamed Yali,Mauritania,MID,#7,6,0,CAF,,,,,,,,,,
Alassane Diop ,Mauritania,MID,#8,7,0,CAF,,,,,,,,,,
Abdallahi Mahmoud,Mauritania,MID,#9,8,0,CAF,,,,,,,,,,
Ndioko Niassa,Mauritania,ATK,#10,9,0,CAF,,,,,,,,,,
Cheikh Ahmed,Mauritania,ATK,#11,10,0,CAF,,,,,,,,,,
,Kenya,GK,#1,0,0,CAF,,,,,,,,,,
,Kenya,DEF,#2,1,0,CAF,,,,,,,,,,
,Kenya,DEF,#3,2,0,CAF,,,,,,,,,,
,Kenya,DEF,#4,3,0,CAF,,,,,,,,,,
,Kenya,DEF,#5,4,0,CAF,,,,,,,,,,
,Kenya,MID,#6,5,0,CAF,,,,,,,,,,
,Kenya,MID,#7,6,0,CAF,,,,,,,,,,
,Kenya,MID,#8,7,0,CAF,,,,,,,,,,
,Kenya,MID,#9,8,0,CAF,,,,,,,,,,
,Kenya,ATK,#10,9,0,CAF,,,,,,,,,,
,Kenya,ATK,#11,10,0,CAF,,,,,,,,,,
,Mozambique,GK,#1,0,0,CAF,,,,,,,,,,
,Mozambique,DEF,#2,1,0,CAF,,,,,,,,,,
,Mozambique,DEF,#3,2,0,CAF,,,,,,,,,,
,Mozambique,DEF,#4,3,0,CAF,,,,,,,,,,
,Mozambique,DEF,#5,4,0,CAF,,,,,,,,,,
,Mozambique,MID,#6,5,0,CAF,,,,,,,,,,
,Mozambique,MID,#7,6,0,CAF,,,,,,,,,,
,Mozambique,MID,#8,7,0,CAF,,,,,,,,,,
,Mozambique,MID,#9,8,0,CAF,,,,,,,,,,
,Mozambique,ATK,#10,9,0,CAF,,,,,,,,,,
,Mozambique,ATK,#11,10,0,CAF,,,,,,,,,,
,Zimbabwe,GK,#1,0,0,CAF,,,,,,,,,,
,Zimbabwe,DEF,#2,1,0,CAF,,,,,,,,,,
,Zimbabwe,DEF,#3,2,0,CAF,,,,,,,,,,
,Zimbabwe,DEF,#4,3,0,CAF,,,,,,,,,,
,Zimbabwe,DEF,#5,4,0,CAF,,,,,,,,,,
,Zimbabwe,MID,#6,5,0,CAF,,,,,,,,,,
,Zimbabwe,MID,#7,6,0,CAF,,,,,,,,,,
,Zimbabwe,MID,#8,7,0,CAF,,,,,,,,,,
,Zimbabwe,MID,#9,8,0,CAF,,,,,,,,,,
,Zimbabwe,ATK,#10,9,0,CAF,,,,,,,,,,
,Zimbabwe,ATK,#11,10,0,CAF,,,,,,,,,,
,Libya,GK,#1,0,0,CAF,,,,,,,,,,
,Libya,DEF,#2,1,0,CAF,,,,,,,,,,
,Libya,DEF,#3,2,0,CAF,,,,,,,,,,
,Libya,DEF,#4,3,0,CAF,,,,,,,,,,
,Libya,DEF,#5,4,0,CAF,,,,,,,,,,
,Libya,MID,#6,5,0,CAF,,,,,,,,,,
,Libya,MID,#7,6,0,CAF,,,,,,,,,,
,Libya,MID,#8,7,0,CAF,,,,,,,,,,
,Libya,MID,#9,8,0,CAF,,,,,,,,,,
,Libya,ATK,#10,9,0,CAF,,,,,,,,,,
,Libya,ATK,#11,10,0,CAF,,,,,,,,,,
,Niger,GK,#1,0,0,CAF,,,,,,,,,,
,Niger,DEF,#2,1,0,CAF,,,,,,,,,,
,Niger,DEF,#3,2,0,CAF,,,,,,,,,,
,Niger,DEF,#4,3,0,CAF,,,,,,,,,,
,Niger,DEF,#5,4,0,CAF,,,,,,,,,,
,Niger,MID,#6,5,0,CAF,,,,,,,,,,
,Niger,MID,#7,6,0,CAF,,,,,,,,,,
,Niger,MID,#8,7,0,CAF,,,,,,,,,,
,Niger,MID,#9,8,0,CAF,,,,,,,,,,
,Niger,ATK,#10,9,0,CAF,,,,,,,,,,
,Niger,ATK,#11,10,0,CAF,,,,,,,,,,
,Central African Republic,GK,#1,0,0,CAF,,,,,,,,,,
,Central African Republic,DEF,#2,1,0,CAF,,,,,,,,,,
,Central African Republic,DEF,#3,2,0,CAF,,,,,,,,,,
,Central African Republic,DEF,#4,3,0,CAF,,,,,,,,,,
,Central African Republic,DEF,#5,4,0,CAF,,,,,,,,,,
,Central African Republic,MID,#6,5,0,CAF,,,,,,,,,,
,Central African Republic,MID,#7,6,0,CAF,,,,,,,,,,
,Central African Republic,MID,#8,7,0,CAF,,,,,,,,,,
,Central African Republic,MID,#9,8,0,CAF,,,,,,,,,,
,Central African Republic,ATK,#10,9,0,CAF,,,,,,,,,,
,Central African Republic,ATK,#11,10,0,CAF,,,,,,,,,,
,Sierra Leone,GK,#1,0,0,CAF,,,,,,,,,,
,Sierra Leone,DEF,#2,1,0,CAF,,,,,,,,,,
,Sierra Leone,DEF,#3,2,0,CAF,,,,,,,,,,
,Sierra Leone,DEF,#4,3,0,CAF,,,,,,,,,,
,Sierra Leone,DEF,#5,4,0,CAF,,,,,,,,,,
,Sierra Leone,MID,#6,5,0,CAF,,,,,,,,,,
,Sierra Leone,MID,#7,6,0,CAF,,,,,,,,,,
,Sierra Leone,MID,#8,7,0,CAF,,,,,,,,,,
,Sierra Leone,MID,#9,8,0,CAF,,,,,,,,,,
,Sierra Leone,ATK,#10,9,0,CAF,,,,,,,,,,
,Sierra Leone,ATK,#11,10,0,CAF,,,,,,,,,,
,Namibia,GK,#1,0,0,CAF,,,,,,,,,,
,Namibia,DEF,#2,1,0,CAF,,,,,,,,,,
,Namibia,DEF,#3,2,0,CAF,,,,,,,,,,
,Namibia,DEF,#4,3,0,CAF,,,,,,,,,,
,Namibia,DEF,#5,4,0,CAF,,,,,,,,,,
,Namibia,MID,#6,5,0,CAF,,,,,,,,,,
,Namibia,MID,#7,6,0,CAF,,,,,,,,,,
,Namibia,MID,#8,7,0,CAF,,,,,,,,,,
,Namibia,MID,#9,8,0,CAF,,,,,,,,,,
,Namibia,ATK,#10,9,0,CAF,,,,,,,,,,
,Namibia,ATK,#11,10,0,CAF,,,,,,,,,,
,Guinea-Bissau,GK,#1,0,0,CAF,,,,,,,,,,
,Guinea-Bissau,DEF,#2,1,0,CAF,,,,,,,,,,
,Guinea-Bissau,DEF,#3,2,0,CAF,,,,,,,,,,
,Guinea-Bissau,DEF,#4,3,0,CAF,,,,,,,,,,
,Guinea-Bissau,DEF,#5,4,0,CAF,,,,,,,,,,
,Guinea-Bissau,MID,#6,5,0,CAF,,,,,,,,,,
,Guinea-Bissau,MID,#7,6,0,CAF,,,,,,,,,,
,Guinea-Bissau,MID,#8,7,0,CAF,,,,,,,,,,
,Guinea-Bissau,MID,#9,8,0,CAF,,,,,,,,,,
,Guinea-Bissau,ATK,#10,9,0,CAF,,,,,,,,,,
,Guinea-Bissau,ATK,#11,10,0,CAF,,,,,,,,,,
,Malawi,GK,#1,0,0,CAF,,,,,,,,,,
,Malawi,DEF,#2,1,0,CAF,,,,,,,,,,
,Malawi,DEF,#3,2,0,CAF,,,,,,,,,,
,Malawi,DEF,#4,3,0,CAF,,,,,,,,,,
,Malawi,DEF,#5,4,0,CAF,,,,,,,,,,
,Malawi,MID,#6,5,0,CAF,,,,,,,,,,
,Malawi,MID,#7,6,0,CAF,,,,,,,,,,
,Malawi,MID,#8,7,0,CAF,,,,,,,,,,
,Malawi,MID,#9,8,0,CAF,,,,,,,,,,
,Malawi,ATK,#10,9,0,CAF,,,,,,,,,,
,Malawi,ATK,#11,10,0,CAF,,,,,,,,,,
,Angola,GK,#1,0,0,CAF,,,,,,,,,,
,Angola,DEF,#2,1,0,CAF,,,,,,,,,,
,Angola,DEF,#3,2,0,CAF,,,,,,,,,,
,Angola,DEF,#4,3,0,CAF,,,,,,,,,,
,Angola,DEF,#5,4,0,CAF,,,,,,,,,,
,Angola,MID,#6,5,0,CAF,,,,,,,,,,
,Angola,MID,#7,6,0,CAF,,,,,,,,,,
,Angola,MID,#8,7,0,CAF,,,,,,,,,,
,Angola,MID,#9,8,0,CAF,,,,,,,,,,
,Angola,ATK,#10,9,0,CAF,,,,,,,,,,
,Angola,ATK,#11,10,0,CAF,,,,,,,,,,
,Sudan,GK,#1,0,0,CAF,,,,,,,,,,
,Sudan,DEF,#2,1,0,CAF,,,,,,,,,,
,Sudan,DEF,#3,2,0,CAF,,,,,,,,,,
,Sudan,DEF,#4,3,0,CAF,,,,,,,,,,
,Sudan,DEF,#5,4,0,CAF,,,,,,,,,,
,Sudan,MID,#6,5,0,CAF,,,,,,,,,,
,Sudan,MID,#7,6,0,CAF,,,,,,,,,,
,Sudan,MID,#8,7,0,CAF,,,,,,,,,,
,Sudan,MID,#9,8,0,CAF,,,,,,,,,,
,Sudan,ATK,#10,9,0,CAF,,,,,,,,,,
,Sudan,ATK,#11,10,0,CAF,,,,,,,,,,
,Togo,GK,#1,0,0,CAF,,,,,,,,,,
,Togo,DEF,#2,1,0,CAF,,,,,,,,,,
,Togo,DEF,#3,2,0,CAF,,,,,,,,,,
,Togo,DEF,#4,3,0,CAF,,,,,,,,,,
,Togo,DEF,#5,4,0,CAF,,,,,,,,,,
,Togo,MID,#6,5,0,CAF,,,,,,,,,,
,Togo,MID,#7,6,0,CAF,,,,,,,,,,
,Togo,MID,#8,7,0,CAF,,,,,,,,,,
,Togo,MID,#9,8,0,CAF,,,,,,,,,,
,Togo,ATK,#10,9,0,CAF,,,,,,,,,,
,Togo,ATK,#11,10,0,CAF,,,,,,,,,,
,Comoros,GK,#1,0,0,CAF,,,,,,,,,,
,Comoros,DEF,#2,1,0,CAF,,,,,,,,,,
,Comoros,DEF,#3,2,0,CAF,,,,,,,,,,
,Comoros,DEF,#4,3,0,CAF,,,,,,,,,,
,Comoros,DEF,#5,4,0,CAF,,,,,,,,,,
,Comoros,MID,#6,5,0,CAF,,,,,,,,,,
,Comoros,MID,#7,6,0,CAF,,,,,,,,,,
,Comoros,MID,#8,7,0,CAF,,,,,,,,,,
,Comoros,MID,#9,8,0,CAF,,,,,,,,,,
,Comoros,ATK,#10,9,0,CAF,,,,,,,,,,
,Comoros,ATK,#11,10,0,CAF,,,,,,,,,,
,Rwanda,GK,#1,0,0,CAF,,,,,,,,,,
,Rwanda,DEF,#2,1,0,CAF,,,,,,,,,,
,Rwanda,DEF,#3,2,0,CAF,,,,,,,,,,
,Rwanda,DEF,#4,3,0,CAF,,,,,,,,,,
,Rwanda,DEF,#5,4,0,CAF,,,,,,,,,,
,Rwanda,MID,#6,5,0,CAF,,,,,,,,,,
,Rwanda,MID,#7,6,0,CAF,,,,,,,,,,
,Rwanda,MID,#8,7,0,CAF,,,,,,,,,,
,Rwanda,MID,#9,8,0,CAF,,,,,,,,,,
,Rwanda,ATK,#10,9,0,CAF,,,,,,,,,,
,Rwanda,ATK,#11,10,0,CAF,,,,,,,,,,
,Equatorial Guinea,GK,#1,0,0,CAF,,,,,,,,,,
,Equatorial Guinea,DEF,#2,1,0,CAF,,,,,,,,,,
,Equatorial Guinea,DEF,#3,2,0,CAF,,,,,,,,,,
,Equatorial Guinea,DEF,#4,3,0,CAF,,,,,,,,,,
,Equatorial Guinea,DEF,#5,4,0,CAF,,,,,,,,,,
,Equatorial Guinea,MID,#6,5,0,CAF,,,,,,,,,,
,Equatorial Guinea,MID,#7,6,0,CAF,,,,,,,,,,
,Equatorial Guinea,MID,#8,7,0,CAF,,,,,,,,,,
,Equatorial Guinea,MID,#9,8,0,CAF,,,,,,,,,,
,Equatorial Guinea,ATK,#10,9,0,CAF,,,,,,,,,,
,Equatorial Guinea,ATK,#11,10,0,CAF,,,,,,,,,,
,Tanzania,GK,#1,0,0,CAF,,,,,,,,,,
,Tanzania,DEF,#2,1,0,CAF,,,,,,,,,,
,Tanzania,DEF,#3,2,0,CAF,,,,,,,,,,
,Tanzania,DEF,#4,3,0,CAF,,,,,,,,,,
,Tanzania,DEF,#5,4,0,CAF,,,,,,,,,,
,Tanzania,MID,#6,5,0,CAF,,,,,,,,,,
,Tanzania,MID,#7,6,0,CAF,,,,,,,,,,
,Tanzania,MID,#8,7,0,CAF,,,,,,,,,,
,Tanzania,MID,#9,8,0,CAF,,,,,,,,,,
,Tanzania,ATK,#10,9,0,CAF,,,,,,,,,,
,Tanzania,ATK,#11,10,0,CAF,,,,,,,,,,
,Burundi,GK,#1,0,0,CAF,,,,,,,,,,
,Burundi,DEF,#2,1,0,CAF,,,,,,,,,,
,Burundi,DEF,#3,2,0,CAF,,,,,,,,,,
,Burundi,DEF,#4,3,0,CAF,,,,,,,,,,
,Burundi,DEF,#5,4,0,CAF,,,,,,,,,,
,Burundi,MID,#6,5,0,CAF,,,,,,,,,,
,Burundi,MID,#7,6,0,CAF,,,,,,,,,,
,Burundi,MID,#8,7,0,CAF,,,,,,,,,,
,Burundi,MID,#9,8,0,CAF,,,,,,,,,,
,Burundi,ATK,#10,9,0,CAF,,,,,,,,,,
,Burundi,ATK,#11,10,0,CAF,,,,,,,,,,
,Lesotho,GK,#1,0,0,CAF,,,,,,,,,,
,Lesotho,DEF,#2,1,0,CAF,,,,,,,,,,
,Lesotho,DEF,#3,2,0,CAF,,,,,,,,,,
,Lesotho,DEF,#4,3,0,CAF,,,,,,,,,,
,Lesotho,DEF,#5,4,0,CAF,,,,,,,,,,
,Lesotho,MID,#6,5,0,CAF,,,,,,,,,,
,Lesotho,MID,#7,6,0,CAF,,,,,,,,,,
,Lesotho,MID,#8,7,0,CAF,,,,,,,,,,
,Lesotho,MID,#9,8,0,CAF,,,,,,,,,,
,Lesotho,ATK,#10,9,0,CAF,,,,,,,,,,
,Lesotho,ATK,#11,10,0,CAF,,,,,,,,,,
,Botswana,GK,#1,0,0,CAF,,,,,,,,,,
,Botswana,DEF,#2,1,0,CAF,,,,,,,,,,
,Botswana,DEF,#3,2,0,CAF,,,,,,,,,,
,Botswana,DEF,#4,3,0,CAF,,,,,,,,,,
,Botswana,DEF,#5,4,0,CAF,,,,,,,,,,
,Botswana,MID,#6,5,0,CAF,,,,,,,,,,
,Botswana,MID,#7,6,0,CAF,,,,,,,,,,
,Botswana,MID,#8,7,0,CAF,,,,,,,,,,
,Botswana,MID,#9,8,0,CAF,,,,,,,,,,
,Botswana,ATK,#10,9,0,CAF,,,,,,,,,,
,Botswana,ATK,#11,10,0,CAF,,,,,,,,,,
,Ethiopia,GK,#1,0,0,CAF,,,,,,,,,,
,Ethiopia,DEF,#2,1,0,CAF,,,,,,,,,,
,Ethiopia,DEF,#3,2,0,CAF,,,,,,,,,,
,Ethiopia,DEF,#4,3,0,CAF,,,,,,,,,,
,Ethiopia,DEF,#5,4,0,CAF,,,,,,,,,,
,Ethiopia,MID,#6,5,0,CAF,,,,,,,,,,
,Ethiopia,MID,#7,6,0,CAF,,,,,,,,,,
,Ethiopia,MID,#8,7,0,CAF,,,,,,,,,,
,Ethiopia,MID,#9,8,0,CAF,,,,,,,,,,
,Ethiopia,ATK,#10,9,0,CAF,,,,,,,,,,
,Ethiopia,ATK,#11,10,0,CAF,,,,,,,,,,
,Liberia,GK,#1,0,0,CAF,,,,,,,,,,
,Liberia,DEF,#2,1,0,CAF,,,,,,,,,,
,Liberia,DEF,#3,2,0,CAF,,,,,,,,,,
,Liberia,DEF,#4,3,0,CAF,,,,,,,,,,
,Liberia,DEF,#5,4,0,CAF,,,,,,,,,,
,Liberia,MID,#6,5,0,CAF,,,,,,,,,,
,Liberia,MID,#7,6,0,CAF,,,,,,,,,,
,Liberia,MID,#8,7,0,CAF,,,,,,,,,,
,Liberia,MID,#9,8,0,CAF,,,,,,,,,,
,Liberia,ATK,#10,9,0,CAF,,,,,,,,,,
,Liberia,ATK,#11,10,0,CAF,,,,,,,,,,
,Eswatini,GK,#1,0,0,CAF,,,,,,,,,,
,Eswatini,DEF,#2,1,0,CAF,,,,,,,,,,
,Eswatini,DEF,#3,2,0,CAF,,,,,,,,,,
,Eswatini,DEF,#4,3,0,CAF,,,,,,,,,,
,Eswatini,DEF,#5,4,0,CAF,,,,,,,,,,
,Eswatini,MID,#6,5,0,CAF,,,,,,,,,,
,Eswatini,MID,#7,6,0,CAF,,,,,,,,,,
,Eswatini,MID,#8,7,0,CAF,,,,,,,,,,
,Eswatini,MID,#9,8,0,CAF,,,,,,,,,,
,Eswatini,ATK,#10,9,0,CAF,,,,,,,,,,
,Eswatini,ATK,#11,10,0,CAF,,,,,,,,,,
,Gambia,GK,#1,0,0,CAF,,,,,,,,,,
,Gambia,DEF,#2,1,0,CAF,,,,,,,,,,
,Gambia,DEF,#3,2,0,CAF,,,,,,,,,,
,Gambia,DEF,#4,3,0,CAF,,,,,,,,,,
,Gambia,DEF,#5,4,0,CAF,,,,,,,,,,
,Gambia,MID,#6,5,0,CAF,,,,,,,,,,
,Gambia,MID,#7,6,0,CAF,,,,,,,,,,
,Gambia,MID,#8,7,0,CAF,,,,,,,,,,
,Gambia,MID,#9,8,0,CAF,,,,,,,,,,
,Gambia,ATK,#10,9,0,CAF,,,,,,,,,,
,Gambia,ATK,#11,10,0,CAF,,,,,,,,,,
,South Sudan,GK,#1,0,0,CAF,,,,,,,,,,
,South Sudan,DEF,#2,1,0,CAF,,,,,,,,,,
,South Sudan,DEF,#3,2,0,CAF,,,,,,,,,,
,South Sudan,DEF,#4,3,0,CAF,,,,,,,,,,
,South Sudan,DEF,#5,4,0,CAF,,,,,,,,,,
,South Sudan,MID,#6,5,0,CAF,,,,,,,,,,
,South Sudan,MID,#7,6,0,CAF,,,,,,,,,,
,South Sudan,MID,#8,7,0,CAF,,,,,,,,,,
,South Sudan,MID,#9,8,0,CAF,,,,,,,,,,
,South Sudan,ATK,#10,9,0,CAF,,,,,,,,,,
,South Sudan,ATK,#11,10,0,CAF,,,,,,,,,,
,Mauritius,GK,#1,0,0,CAF,,,,,,,,,,
,Mauritius,DEF,#2,1,0,CAF,,,,,,,,,,
,Mauritius,DEF,#3,2,0,CAF,,,,,,,,,,
,Mauritius,DEF,#4,3,0,CAF,,,,,,,,,,
,Mauritius,DEF,#5,4,0,CAF,,,,,,,,,,
,Mauritius,MID,#6,5,0,CAF,,,,,,,,,,
,Mauritius,MID,#7,6,0,CAF,,,,,,,,,,
,Mauritius,MID,#8,7,0,CAF,,,,,,,,,,
,Mauritius,MID,#9,8,0,CAF,,,,,,,,,,
,Mauritius,ATK,#10,9,0,CAF,,,,,,,,,,
,Mauritius,ATK,#11,10,0,CAF,,,,,,,,,,
,Chad,GK,#1,0,0,CAF,,,,,,,,,,
,Chad,DEF,#2,1,0,CAF,,,,,,,,,,
,Chad,DEF,#3,2,0,CAF,,,,,,,,,,
,Chad,DEF,#4,3,0,CAF,,,,,,,,,,
,Chad,DEF,#5,4,0,CAF,,,,,,,,,,
,Chad,MID,#6,5,0,CAF,,,,,,,,,,
,Chad,MID,#7,6,0,CAF,,,,,,,,,,
,Chad,MID,#8,7,0,CAF,,,,,,,,,,
,Chad,MID,#9,8,0,CAF,,,,,,,,,,
,Chad,ATK,#10,9,0,CAF,,,,,,,,,,
,Chad,ATK,#11,10,0,CAF,,,,,,,,,,
,Djibouti,GK,#1,0,0,CAF,,,,,,,,,,
,Djibouti,DEF,#2,1,0,CAF,,,,,,,,,,
,Djibouti,DEF,#3,2,0,CAF,,,,,,,,,,
,Djibouti,DEF,#4,3,0,CAF,,,,,,,,,,
,Djibouti,DEF,#5,4,0,CAF,,,,,,,,,,
,Djibouti,MID,#6,5,0,CAF,,,,,,,,,,
,Djibouti,MID,#7,6,0,CAF,,,,,,,,,,
,Djibouti,MID,#8,7,0,CAF,,,,,,,,,,
,Djibouti,MID,#9,8,0,CAF,,,,,,,,,,
,Djibouti,ATK,#10,9,0,CAF,,,,,,,,,,
,Djibouti,ATK,#11,10,0,CAF,,,,,,,,,,
,Sao Tome and Principe,GK,#1,0,0,CAF,,,,,,,,,,
,Sao Tome and Principe,DEF,#2,1,0,CAF,,,,,,,,,,
,Sao Tome and Principe,DEF,#3,2,0,CAF,,,,,,,,,,
,Sao Tome and Principe,DEF,#4,3,0,CAF,,,,,,,,,,
,Sao Tome and Principe,DEF,#5,4,0,CAF,,,,,,,,,,
,Sao Tome and Principe,MID,#6,5,0,CAF,,,,,,,,,,
,Sao Tome and Principe,MID,#7,6,0,CAF,,,,,,,,,,
,Sao Tome and Principe,MID,#8,7,0,CAF,,,,,,,,,,
,Sao Tome and Principe,MID,#9,8,0,CAF,,,,,,,,,,
,Sao Tome and Principe,ATK,#10,9,0,CAF,,,,,,,,,,
,Sao Tome and Principe,ATK,#11,10,0,CAF,,,,,,,,,,
,Somalia,GK,#1,0,0,CAF,,,,,,,,,,
,Somalia,DEF,#2,1,0,CAF,,,,,,,,,,
,Somalia,DEF,#3,2,0,CAF,,,,,,,,,,
,Somalia,DEF,#4,3,0,CAF,,,,,,,,,,
,Somalia,DEF,#5,4,0,CAF,,,,,,,,,,
,Somalia,MID,#6,5,0,CAF,,,,,,,,,,
,Somalia,MID,#7,6,0,CAF,,,,,,,,,,
,Somalia,MID,#8,7,0,CAF,,,,,,,,,,
,Somalia,MID,#9,8,0,CAF,,,,,,,,,,
,Somalia,ATK,#10,9,0,CAF,,,,,,,,,,
,Somalia,ATK,#11,10,0,CAF,,,,,,,,,,
,Seychelles,GK,#1,0,0,CAF,,,,,,,,,,
,Seychelles,DEF,#2,1,0,CAF,,,,,,,,,,
,Seychelles,DEF,#3,2,0,CAF,,,,,,,,,,
,Seychelles,DEF,#4,3,0,CAF,,,,,,,,,,
,Seychelles,DEF,#5,4,0,CAF,,,,,,,,,,
,Seychelles,MID,#6,5,0,CAF,,,,,,,,,,
,Seychelles,MID,#7,6,0,CAF,,,,,,,,,,
,Seychelles,MID,#8,7,0,CAF,,,,,,,,,,
,Seychelles,MID,#9,8,0,CAF,,,,,,,,,,
,Seychelles,ATK,#10,9,0,CAF,,,,,,,,,,
,Seychelles,ATK,#11,10,0,CAF,,,,,,,,,,
,Eritrea,GK,#1,0,0,CAF,,,,,,,,,,
,Eritrea,DEF,#2,1,0,CAF,,,,,,,,,,
,Eritrea,DEF,#3,2,0,CAF,,,,,,,,,,
,Eritrea,DEF,#4,3,0,CAF,,,,,,,,,,
,Eritrea,DEF,#5,4,0,CAF,,,,,,,,,,
,Eritrea,MID,#6,5,0,CAF,,,,,,,,,,
,Eritrea,MID,#7,6,0,CAF,,,,,,,,,,
,Eritrea,MID,#8,7,0,CAF,,,,,,,,,,
,Eritrea,MID,#9,8,0,CAF,,,,,,,,,,
,Eritrea,ATK,#10,9,0,CAF,,,,,,,,,,
,Eritrea,ATK,#11,10,0,CAF,,,,,,,,,,